name,category,price,shelf_life_days,url
Sainsbury's Mixed Leaf Salad 100g,salad,1.1,5,
Sainsbury's Rocket & Spinach Salad 60g,salad,1.0,5,
Sainsbury's Caesar Salad Kit 400g,salad_kit,2.5,5,
Sainsbury's Greek Salad Kit 300g,salad_kit,2.2,5,
Sainsbury's Tabbouleh 300g,salad,2.0,5,
Sainsbury's Cherry Tomatoes 250g,salad,1.1,5,
Sainsbury's Cucumber,salad,0.6,7,
Sainsbury's Cooked Chicken Breast 125g,protein,2.2,4,
Sainsbury's Chicken Tikka Pieces 150g,protein,2.5,3,
Sainsbury's Prawn Cocktail 150g,protein,2.8,3,
Sainsbury's Smoked Salmon 100g,protein,3.5,5,
Sainsbury's Honey Roast Salmon Flakes 120g,protein,3.0,4,
Sainsbury's Tuna in Spring Water 145g,protein,1.25,730,
Sainsbury's Mature Cheddar Slices 10pk,dairy,2.0,14,
Sainsbury's Feta Cheese 200g,dairy,2.5,14,
Sainsbury's Hummus 200g,dip,1.35,14,
Sainsbury's Guacamole 150g,dip,1.85,7,
Sainsbury's Reduced Fat Mayo 400g,condiment,1.65,60,
Sainsbury's Soft Flour Tortilla Wraps 8pk,carb,1.35,7,
Sainsbury's Plain Bagels 5pk,carb,1.5,5,
Sainsbury's Mini Wholemeal Pitta 6pk,carb,1.2,5,
Sainsbury's Sliced White Bread 800g,carb,1.3,5,
Sainsbury's Avocado (each),fruit,0.8,3,
Sainsbury's Banana 5pk,fruit,0.9,5,
Sainsbury's Easy Peeler Oranges 4pk,fruit,1.5,7,
Sainsbury's Jazz Apple 4pk,fruit,1.2,14,
Sainsbury's Seedless Grapes 500g,fruit,2.0,7,
Sainsbury's Sparkling Water 6x500ml,drink,2.5,365,
Sainsbury's Ready Salted Crisps 6pk,snack,1.75,180,
Sainsbury's Trail Mix 200g,snack,2.0,90,
Wasabi Chicken Katsu Curry with Rice 450g,ready_meal,5.0,3,
Wasabi Sweet Chilli Chicken with Rice 450g,ready_meal,5.0,3,
Sainsbury's Beef Lasagne Ready Meal for 1 400g,ready_meal,3.19,4,
Sainsbury's Chicken Jambalaya Ready Meal for 1 400g,ready_meal,3.0,4,
Sainsbury's Indian Chicken Tikka Biryani Ready Meal for 1 400g,ready_meal,3.0,4,
Sainsbury's Paneer Tikka Masala with Cumin Rice 400g,ready_meal,3.0,4,
Sainsbury's Indian Tadka Daal Side for 2 300g,ready_meal,2.6,4,
The Gym Kitchen Thai Green Chicken Curry 400g,ready_meal,4.0,4,
Sainsbury's Beef Brisket with Red Wine Jus 385g,ready_meal,4.2,4,
Sainsbury's Creamy Sausage Ragu 375g,ready_meal,4.0,4,
Sainsbury's Mushroom Pappardelle 400g,ready_meal,4.0,4,
Sainsbury's Red Leicester Ploughmans Sandwich,sandwich,3.1,2,
Sainsbury's Smoked Salmon & Cream Cheese Oatmeal Sandwich,sandwich,3.5,2,
Sainsbury's Steak & Caramelised Red Onion Sandwich,sandwich,4.5,2,
Sainsbury's Beetroot & Feta Salad 175g,salad,2.75,3,
Sainsbury's Greek Inspired Whipped Feta Salad 220g,salad,2.67,3,
Sainsbury's Bistro Salad 150g,salad,1.35,3,
Sainsbury's Greek Style Salad Bowl 220g,salad,2.75,3,
"Sainsbury's Pasta, Spinach & Pinenut Salad 200g",salad,1.6,3,
"Sainsbury's Feta, Tomato & Basil Pasta 225g",salad,3.0,3,
Sainsbury's Pesto & Parmesan Pasta 185g,salad,2.67,3,
Sainsbury's Giant Cous Cous & Feta Salad 220g,salad,2.66,3,
Sainsbury's Sweet & Crispy Salad Bowl 175g,salad,1.45,3,
Sainsbury's Sweet Leaf Salad 250g,salad,0.78,4,
Sainsbury's Wild Rocket 60g,salad,1.0,5,
Sainsbury's Tabbouleh with Herb Roasted Garlic & Lemon 200g,salad,2.67,4,
Sainsbury's Vittoria Cherry Vine Tomatoes 250g,salad,2.35,5,
Sainsbury's British Prepared Mini Carrots 240g,salad,1.0,7,
Sainsbury's Free Range Egg Pot 90g,protein,1.4,3,
Sainsbury's Cajun Chicken Grills Ready to Eat 180g,protein,3.25,4,
Sainsbury's Tikka Cooked Chicken Mini Fillets 170g,protein,3.25,4,
Sainsbury's Roast Chicken Cocktail Sausages 198g,protein,2.67,4,
Sainsbury's Hickory Wood Smoked Salmon 100g,protein,4.95,5,
Sainsbury's SO Organic Smoked Salmon 100g,protein,5.95,5,
Sainsbury's Lemon & Herb Steamed Salmon Portions x2 180g,protein,5.95,4,
Sainsbury's Sweet Chilli Salmon Portions x2 180g,protein,4.95,4,
Sainsbury's Pil Pil King Prawns 135g,protein,2.77,3,
"Sainsbury's King Prawns, Sunblush Tomatoes & Pesto 150g",protein,2.77,3,
Sainsbury's Italian Bresaola x15 80g,protein,2.46,7,
Sainsbury's Sweet Potato Falafels 144g,protein,2.66,4,
Sainsbury's Falafels Summer Edition 144g,protein,2.67,4,
This Isn't Chicken Plant Based Pieces 170g,plant_based,3.5,5,
This Isn't Pork Salami Slices 70g,plant_based,2.95,7,
La Vie Plant Based Smoked Ham 100g,plant_based,3.0,7,
Merchant Gourmet Persian Style Rice & Lentils 250g,grains,1.5,180,
Merchant Gourmet 3 Bean & Lentil Chilli 280g,grains,2.5,180,
Merchant Gourmet Beluga Lentils 250g,grains,1.5,180,
Merchant Gourmet Puy & French Green Lentils 250g,grains,1.5,180,
Sainsbury's Italian Burrata 150g,dairy,3.2,7,
Sainsbury's Mozzarella Cheese Pearls 125g,dairy,1.9,7,
Galbani Italian Mozzarella 125g,dairy,1.95,7,
Arla Cottage Cheese 300g,dairy,1.9,10,
Piatnica High Protein Cottage Cheese 200g,dairy,1.25,10,
Sainsbury's Mango 120g,fruit,1.15,3,
Sainsbury's Strawberries 400g,fruit,1.95,4,
Sainsbury's Blueberries 300g,fruit,2.75,7,
Sainsbury's Raspberries 250g,fruit,2.5,4,
Sainsbury's Pink Lady Apples 6pk,fruit,2.9,14,
Sainsbury's Red Seedless Grapes 500g,fruit,2.2,7,
Sainsbury's Fairtrade Bananas x8,fruit,1.39,5,
Sainsbury's Medjool Dates 200g,fruit,2.6,90,
Sainsbury's Whole Almonds 300g,snack,3.5,90,
Sainsbury's Walnut Pieces 200g,snack,2.35,90,
Nakd Berry Delight Fruit & Nut Bars 4x35g,snack,2.25,180,
Eat Real Veggie Straws 5x16g,snack,1.75,180,
Sun Bites Sour Cream & Black Pepper 6x25g,snack,2.2,180,
Hula Hoops Variety Crisps 12x24g,snack,3.5,180,
Higgidy Cheddar & Caramelised Onion Chutney Rolls 160g,bakery,3.3,4,
Higgidy Hoisin Pulled Mushroom & Spring Onion Rolls 160g,bakery,3.5,4,
Jason's Sourdough The Great White Bread 450g,carb,2.2,4,
Warburtons Gluten Free Brown Soft Pittas x4,carb,2.5,5,
Yarden Houmous Extra 250g,dip,2.65,10,
Sainsbury's SO Organic Pitted Kalamata Olives 295g,condiment,3.05,30,
itsu Crispy Chilli Oil 100g,condiment,2.0,365,
Oatly Oat Drink Barista Edition 1L,drink,2.2,180,
Vita Coco Coconut Water 1L,drink,4.0,180,
Sainsbury's Semi Skimmed Milk 3.4L (6 pint),drink,2.4,7,
Schar Gluten Free White Rolls 6x58g,bakery,3.0,4,
Ben's Original Classic Basmati Microwave Rice 220g,carb,1.0,5,
"Ben's Original Lunch Bowl Mexican Style Beans, Corns & Wholegrain Rice 220g",carb,2.5,5,
Crosta & Mollica Piadina Organic Wholeblend Italian Flatbreads Wraps x4 300g,carb,1.6,5,
Doritos 5 x 30g Cool Original Multipack Tortilla Crisps,carb,1.5,5,
Merchant Gourmet 250g Persian Style Rice & Lentils,carb,2.15,5,
Merchant Gourmet Simply Cooked Glorious Grains with Red Rice & Quinoa 250g,carb,2.15,5,
Merchant Gourmet Wholegrain Brown Red & Wild Microwave Rice 250g,carb,1.35,5,
Mission Protein Wraps x6 367g,carb,1.8,5,
"New York Bakery Co. Bagels, Plain x5",carb,1.9,5,
"New York Bakery Co. Bagels, Sesame x5",carb,1.9,5,
New York Bakery Everything NYC Bagels,carb,1.35,5,
Nissin Soba Classic Wok Style Instant Cup Noodles Pot 90g,carb,1.5,5,
Nissin Soba Japanese Curry Wok Style Instant Cup Noodles Pot 90g,carb,2.0,5,
Nissin Soba Sweet & Sour Instant Wok Style Noodles Pot 88g,carb,1.5,5,
Nissin Soba Teriyaki Instant Wok Style Noodles Big Pot 113g,carb,1.9,5,
Nissin Soba Teriyaki Wok Style Instant Cup Noodles Pot 90g,carb,1.5,5,
Promise Gluten Free Multigrain Loaf 480g,carb,3.9,5,
"Sainsbury's Korean Style Spicy Rice, Limited Edition 250g",carb,0.95,5,
Sainsbury's Microwave Rice Basmati 250g,carb,0.55,5,
"Sainsbury's Moroccan Cous Cous, Taste the Difference 200g",carb,2.67,5,
Sainsbury's Plain Tortilla Wraps x8 496g,carb,1.4,5,
Sainsbury's Small White Baguette Baton,carb,0.8,5,
Stamford Street Co. Plain Tortilla Wraps x8,carb,0.99,5,
The Gym Kitchen Meat Feast Pasta 400g,carb,3.25,5,
Tilda Microwave Rice Pure Basmati 250g,carb,1.0,5,
Veetee Indonesian Nasi Goreng Inspired Rice 250g,carb,1.25,5,
Veetee Japanese Togarashi Spicy Sticky Rice 280g,carb,1.25,5,
Warburtons 4 x Protein Bagels,carb,2.2,5,
Warburtons Protein Thin Bagels x4,carb,1.85,5,
Wasabi Yakisoba Noodles to Share 400g,carb,3.0,5,
Beavertown Neck Oil Session IPA 4x330ml,condiment,6.0,180,
"Filippo Berio Olive Oil, Extra Virgin 500ml",condiment,5.0,180,
Heinz Truffle Mayonnaise 380g,condiment,2.8,180,
"Kikkoman Soy Sauce, Naturally Brewed 150ml",condiment,3.0,180,
LEON Hot Honey Sriracha 155ml,condiment,2.8,180,
LEON Mayo Korean Style Gochujang 240ml,condiment,2.0,180,
La Chinata Smoked Paprika Powder Sweet 70g,condiment,2.65,365,
McCoy's Salt & Vinegar Variety Pack Crisps 6x25g,condiment,1.75,180,
Monin Caramel Syrup 250ml,condiment,3.85,365,
Nuii Salted Caramel & Australian Macadamia 3x90ml,condiment,4.75,180,
Odysea Greek Big Kalamata Pitted Olives 290g (165g*),condiment,2.8,180,
Olly's 200g Chimichurri Halkidiki Olives,condiment,4.0,180,
Peppadew Spicy Chipotle Crunch 120g,condiment,2.6,180,
Rowse Dark & Rich Honey 340g,condiment,3.0,180,
Sainsbury's Caesar Dressing 150ml,condiment,1.3,180,
"Sainsbury's Caesar Dressing, Be Good To Yourself 150ml",condiment,1.3,180,
"Sainsbury's Chargrilled Italian Artichokes, Taste the Difference 140g",condiment,2.67,30,
Sainsbury's Inspired to Cook Capucine Capers 198g (125g*),condiment,2.4,180,
"Sainsbury's MGO 100+ Manuka Honey, Taste the Difference 225g",condiment,6.3,180,
"Sainsbury's Non Pareilles Capers in Brine, Inspired to Cook 100g (60g*)",condiment,1.9,180,
Sainsbury's Roasted & Salted Mixed Nuts 200g,condiment,3.0,180,
Sainsbury's SO Organic Pitted Kalamata Olives 295g (150g*),condiment,3.05,180,
"Sainsbury's Spicy Truffle Aioli, Limited Edition, Taste the Difference 180g",condiment,2.0,30,
Stokes Real Mayonnaise 345g,condiment,3.95,180,
Walkers 6 x 25g Snacks Hot Honey Multipack Crisps,condiment,2.2,180,
All Things 240g Natural Cottage Cheese,dairy,1.85,10,
Arla 300g Cottage Cheese,dairy,1.9,10,
BOL One Pot Meal Spanish Butter Bean Stew 450g,dairy,3.25,10,
Bounty Chocolate & Coconut Ice Cream Bars x4 200ml,dairy,2.25,10,
Cadbury Crunchie Blast Ice Cream Cone 4x100ml,dairy,3.75,10,
Cadbury Flake 99 Ice Cream Cones x4 125ml,dairy,5.75,10,
Cornetto Classico 6 x 90ml Ice Cream Cones,dairy,2.5,10,
Cornetto Max 4 x 90ml Hazelnut & Chocolate Ice Cream Cones,dairy,3.0,10,
Cornetto Max 4 x 90ml Pistachio Ice Cream Cones,dairy,4.5,10,
Cornetto Mint Ice Cream Cones 6x90ml,dairy,3.75,10,
Cornetto Strawberry Ice Cream Cones 6x90ml,dairy,2.5,10,
Doritos Tangy Cheese Tortilla Chips Multipack Crisps 5x30g,dairy,1.5,10,
Feast 4 x 90ml Chocolate & Hazelnut Ice Cream Sticks,dairy,3.0,10,
Galbani Cucina Mozzarella 400g,dairy,4.8,10,
Galbani Italian Burrata 150g,dairy,3.5,10,
Galbani Italian Mozzarella Cheese 125g,dairy,1.95,10,
Galbani Mozzarella Cheese Maxi Bag 250g,dairy,2.0,10,
Galbani Mozzarella Panini Slices x6 120g,dairy,1.5,10,
Go Ahead Yoghurt Breaks Forest Fruit Snack Bars 4x35.5g,dairy,1.5,10,
Go Ahead Yogurt Breaks Strawberry Snack Bars 4x35.5g,dairy,1.5,10,
Good Guys Bakehouse Cheddar Biscuit Melts 50g,dairy,1.0,10,
Graham's the Family Dairy Cottage Cheese Onion & Chive 300g,dairy,1.65,10,
Graham's the Family Dairy Low Fat Cottage Cheese 300g,dairy,1.65,10,
Haagen-Dazs Caramel Collection Mini Frozen Dessert Ice Cream Tub 4x95ml,dairy,3.95,10,
Haagen-Dazs Chunky Salted Caramel Ice Cream Sticks 3 x 80ml,dairy,2.5,10,
Haagen-Dazs Crunchy Cookies & Cream Ice Cream Sticks 3 x 80ml,dairy,4.2,10,
Haagen-Dazs Fruit Collection Mini Frozen Dessert Ice Cream Tub 4x95ml,dairy,5.75,10,
Haagen-Dazs Vanilla Collection Mini Frozen Dessert Ice Cream Tub 4x95ml,dairy,5.75,10,
Islos Greek Feta Cheese 150g,dairy,2.5,10,
Jacob's Mini Cheddars Original Baked Snacks Multipack 6x23g,dairy,1.5,10,
Jacob's Mini Cheddars Red Leicester Multipack Snacks 6x23g,dairy,1.5,10,
Kinder Bueno White Ice Cream Cones 4 x 90ml,dairy,3.95,10,
Little Moons Honey Roasted Pistachio Soft Mochi & Gelato Ice Cream 6x32g,dairy,5.0,10,
Lotus 4 x 360ml Biscoff Ice Cream Sticks,dairy,2.5,10,
Lurpak Garlic Butter 125g,dairy,2.5,10,
Lurpak Slightly Salted Spreadable Blend of Butter & Rapeseed Oil 400g,dairy,3.25,10,
Lurpak Slightly Salted Spreadable Blend of Butter & Rapeseed Oil 750g,dairy,5.5,10,
Magnum 12 x 17ml Bonbon White Chocolate & Cookies Ice Cream Frozen Snack,dairy,3.0,10,
Magnum 6 x 55ml Mini Mint Ice Cream Sticks,dairy,3.75,10,
Magnum Classic 3 x 100ml Ice Cream Sticks,dairy,2.0,10,
Magnum Classic 6 x 100ml Ice Cream Sticks,dairy,6.1,10,
Magnum Double Gold Caramel Billionaire Ice Cream Sticks 3x85 ml,dairy,4.25,10,
Magnum Double Raspberry Ice Cream Sticks 3x85ml,dairy,4.25,10,
Magnum Mini Classic 10 x 55ml Almond & White Chocolate Ice Cream Sticks,dairy,5.0,10,
Magnum Mini Classic Almond & White Chocolate Ice Cream Sticks 6x55ml,dairy,5.0,10,
Magnum Mint Ice Cream Sticks 3x100ml,dairy,2.0,10,
Magnum Salted Caramel Ice Cream Sticks 3x100ml,dairy,3.5,10,
Magnum White Chocolate Ice Cream Sticks 3x100ml,dairy,3.5,10,
Mars Ice Cream 4x51ml,dairy,2.25,10,
Meridian Crunchy Peanut Butter 1kg,dairy,5.5,10,
Mini Babybel Light Cheese Snacks 12x20g,dairy,3.55,10,
Paysan Breton French Sea Salt Cream Cheese 150g,dairy,2.5,10,
Philadelphia 165g Protein Soft Cream Cheese Tub,dairy,2.25,10,
Philadelphia Original Soft Cream Cheese Mini Tub Pack x4 140g,dairy,1.5,10,
Popchips 5 x 17g Sour Cream & Onion Multipack Crisps,dairy,1.65,10,
Popchips Sour Cream & Onion Sharing Crisps 85g,dairy,1.65,10,
"Sainsbury's 180g Whipped Feta, Limited Edition, Taste the Difference",dairy,2.75,10,
"Sainsbury's 225g Feta, Tomato & Basil Pasta",dairy,3.0,10,
"Sainsbury's 225g Peas, Spring Greens, Edamame & Sugar Snaps, Taste the Difference",dairy,3.3,10,
Sainsbury's 225g Pesto & Mozzarella Pasta,dairy,3.0,10,
Sainsbury's British Mature Cheddar Cheese Slices 240g,dairy,2.75,10,
"Sainsbury's Buffalo Mozzarella, Taste the Difference 125g",dairy,2.5,10,
"Sainsbury's Cod, Cheese & Leek Gratin with Crushed Potatoes & Baby Spinach, Taste the Difference 385g",dairy,5.05,10,
Sainsbury's Greek Feta Cubes In Brine 390g,dairy,2.75,10,
Sainsbury's High Protein Fajita Halloumi Wrap,dairy,3.4,10,
"Sainsbury's Mozzarella Pearls with Pesto, Limited Edition, Taste the Difference 160g",dairy,2.56,10,
"Sainsbury's Pugliese Burrata with Sunsoaked Tomatoes, Taste the Difference 340g",dairy,2.77,10,
Sainsbury's Simply Salty Butterfly Popcorn 90g,dairy,0.99,10,
"Sainsbury's Sunsoaked Tomatoes & Mozzarella Pearls, Taste the Difference 180g",dairy,2.62,10,
Sainsbury's Tomato & Feta Pasta 225g,dairy,3.0,10,
Snickers Ice Cream 4x53ml,dairy,2.25,10,
Snickers White Ice Cream 4 x 44.6ml,dairy,2.25,10,
Solero 3 x 90ml Exotic Ice Cream Lollies,dairy,2.0,10,
Solero 3 x 90ml Strawberry Twist Ice Cream Lollies,dairy,2.75,10,
Strings & Things Cheestrings Cheese Snack x8 160g,dairy,2.95,10,
Strings & Things Twisted Cheestrings Cheese Snack x4 80g,dairy,1.85,10,
Sun Bites 6 x 25g Sour Cream & Cracked Black Pepper Multipack Snacks Crisps,dairy,2.2,10,
Twister 6 x 50ml Mini Pineapple Ice Cream Lollies,dairy,2.9,10,
Unearthed Spanish Jamon & Cheese Tortilla 250g,dairy,2.44,10,
Virtu Pancakes with Cottage Cheese & Raisins 400g,dairy,2.5,10,
Walkers Quavers Cheese Multipack Crisps Snacks 12x16g,dairy,2.99,10,
Holy Moly Guacamole: Original 150g,dip,2.35,10,
Sabra Mezze Baba Ganoush 200g,dip,2.55,10,
"Sainsbury's 120g Chorizo Crumb Paprika Salsa Squid, Taste the Difference",dip,2.67,10,
"Sainsbury's 180g Chicken Gyros with Tzatziki, Taste the Difference",dip,2.77,10,
"Sainsbury's Classic Houmous, SO Organic 200g",dip,1.25,10,
"Sainsbury's Extra Smooth Houmous, Taste the Difference 170g",dip,2.67,10,
Sainsbury's Falafel & Houmous Wrap,dip,3.25,10,
Aero Bubbly Milk Chocolate Bar Multipack Multipack x4 27g,drink,2.0,120,
Aero Bubbly Peppermint Chocolate Bar Multipack x8 216g,drink,2.98,120,
Aero Bubbly Peppermint Mint Chocolate Bar Multipack 4 x 27g,drink,1.5,120,
Alpro 1L Long Life Dairy Free Barista Oat Drink,drink,2.35,120,
Alpro 1L Original Long Life Dairy Free Oat Drink,drink,1.6,120,
Alpro 1L Soya Original Chilled Dairy Free Drink,drink,1.78,120,
Alpro Smooth Chocolate Dessert 4x125g,drink,1.85,120,
Asahi Super Dry Lager Beer Bottles 12x330ml,drink,20.0,120,
Baxters Sliced Beetroot 340g (207g*),drink,1.45,120,
Birra Moretti Lager Beer Bottle 18x330ml,drink,24.0,120,
Birra Moretti Lager Beer Bottles 12x330ml,drink,12.0,120,
Birra Moretti Zero 0.0% Alcohol Free Beer Bottle 4 x 330ml,drink,5.25,120,
Bonne Maman Hazelnut Chocolate Spread 360g,drink,4.1,120,
Bounty Coconut & Milk Chocolate Snack Bars Multipack 4x57g,drink,2.0,120,
Brancott Estate Sauvignon Blanc White Wine 75cl,drink,8.06,120,
BrewDog 0.5% Low Alcohol Mixed Pack 8 x 330ml,drink,7.0,365,
BrewDog 10 x 330ml Mix Pack Cans,drink,14.0,365,
BrewDog 10 x 330ml Punk IPA Cans,drink,11.0,365,
BrewDog 4 x 330ml 0.0% Alcohol Free Beer Mello Peach & Passionfruit,drink,6.25,120,
BrewDog Wingman 10 x 330ml Session IPA Cans,drink,9.82,365,
Bundaberg Ginger Beer 4x375ml,drink,5.4,120,
Cadbury 9 x Twirl Milk Chocolate,drink,3.2,120,
Cadbury Crunchie 4 x 32g Chocolate Bar,drink,1.7,120,
Cadbury Crunchie 4 x 32g Multipack Chocolate Bar,drink,2.25,120,
Cadbury Dairy Milk 4 x 18g Freddo Chocolate Bar,drink,1.25,120,
Cadbury Dairy Milk Buttons 4x100ml,drink,3.75,120,
Cadbury Dairy Milk Freddo 4 x 18g Multipack Chocolate Bar,drink,1.5,120,
Cadbury Double Decker 7 x 37.3g Chocolate Bar,drink,3.2,120,
Cadbury Mixed Chocolate Multipack 4x Wispa 4x Crunchie 4x Boost Pack,drink,4.0,120,
Cadbury Twirl 3 x Milk Chocolate 129g,drink,1.7,120,
Cadbury Twirl 9 x Milk Multipack Chocolate Bar 193.5g,drink,3.2,120,
Cadbury Wispa 4 x 27.75g Multipack Chocolate Bar,drink,2.25,120,
Canti Prosecco 75cl,drink,6.5,365,
Coca-Cola Original Taste 12x150ml,drink,5.0,120,
Coca-Cola Original Taste 24x330ml,drink,15.25,120,
Coca-Cola Original Taste 8x330ml,drink,5.75,120,
Coca-Cola Zero Sugar 24x330ml,drink,8.0,120,
Corona Cero 0.0% Alcohol Free Beer 12 x 330ml,drink,13.0,120,
Damm Lemon 10 x 44cl Clara Lemon Flavoured Lager Beer Cans,drink,13.0,120,
Diet Coke Cola 24 x 330ml Cans,drink,8.0,120,
Fever-Tree Refreshingly Light Ginger Beer 6 x 150ml,drink,3.5,120,
Fibre One 90 Calorie Chocolate Fudge Cake Brownie Snacks 4x24g,drink,2.25,120,
Fitzgeralds Family Bakery Deli Style Sourdough Bagels Pre-Sliced x5 425g,drink,1.83,120,
Freixenet 0.0% Alcohol Free Sparkling Rose Wine Based Drink 75cl,drink,5.0,120,
Freixenet Prosecco 75cl,drink,12.5,365,
Galaxy Smooth Milk Chocolate Snack Bars Multipack Vegetarian 4x42g,drink,1.9,120,
GoGo Squeez Fruit Smoothie Snack Apple & Mango 4x90g,drink,2.55,120,
"Good Earth Hibiscus, Rose & Sweet Berries Tea Bags x15 39g",drink,2.0,120,
Good Earth Turmeric Lemon Tea Bags x15,drink,2.0,120,
I Heart Prosecco Rose Wine 75cl,drink,7.5,120,
Kallo Milk Chocolate Rice Cake Minis 4 x 21g,drink,3.3,120,
Kind Chocolate Chip Cashew Cereal Bars Multipack 3x30g,drink,2.0,120,
Kinder Bueno Milk Chocolate & Hazelnut Multipack 5 x 43g,drink,3.4,120,
Kinder Bueno White Chocolate & Hazelnut Multipack 3 x 43g,drink,2.05,120,
Kinder Cards Chocolate & Milk Wafer Biscuit Multipack 8x12.8g,drink,2.15,120,
Kinder Choco Fresh 5 x 20.5g Milk Chocolate & Hazelnut Chilled Snack,drink,2.95,120,
Kinder Chocolate Medium Snack Bars Multipack 6x21g,drink,1.75,120,
Kinder Chocolate Small Bars Multipack 24x12.5g,drink,3.8,120,
Kinder Happy Hippo Milk Hazelnut & Chocolate Biscuits Multipack 5x20.7g,drink,1.6,120,
"Kinder Maxi King 3 x 35g Milk Chocolate, Hazelnuts & Caramel Chilled Snack",drink,2.0,120,
Kinder Milk Chocolate & Hazelnut Schoko Bons 200g,drink,4.23,120,
KitKat 2 Finger Milk Chocolate Biscuit Bar Multipack 12 x 20.7g,drink,2.9,120,
KitKat 2 Finger Milk Chocolate Biscuit Bar Multipack 18 x 20.7g,drink,3.95,120,
KitKat 2 Finger Milk Chocolate Biscuit Bar Multipack 8 x 20.7g,drink,1.75,120,
Kylie Minogue Prosecco Rose 75cl,drink,9.0,365,
La Vieille Ferme Rose Wine 75cl,drink,7.5,120,
La Vieille Ferme White Wine 75cl,drink,9.0,120,
Lion Milk Chocolate Bar Multipack x4 42g,drink,2.0,120,
Lu Le Petit 100g Chocolat Dark Chocolate Biscuits,drink,1.25,120,
Lucky Saint Alcohol Free Superior Lemon Lager 4 x 330ml,drink,5.0,120,
Maoam Stripes Fruit & Cola Flavour Chewy Sweets Sharing Bag 140g,drink,1.25,120,
Martini Vibrante 0.0% Alcohol Free Aperitivo 75cl,drink,10.0,365,
Maryland 6 Cookies Minis Multipacks Double Chocolate,drink,1.55,120,
Maschio Prosecco DOC Extra Dry 75cl,drink,7.0,365,
Mateus Rose Wine 75cl,drink,5.95,120,
Milky Way 10 x 21.5g Mulitpack Chocolate Bars,drink,3.15,120,
Milkybar White Chocolate Bar Multipack x6 72g,drink,1.85,120,
Milkybar White Chocolate Mousse 4x55g,drink,1.5,120,
Nicolas Feuillatte Champagne 75cl,drink,25.0,120,
Nuii Dark Chocolate & Nordic Berry 3x90ml,drink,4.75,120,
OGGS Rich Velvety Chocolate Fudge Cake,drink,17.0,120,
Oatly Oat Drink Barista Edition Long Life 1L,drink,1.5,120,
Old Jamaica Ginger Beer 4x330ml,drink,2.65,120,
"Old Jamaica Ginger Beer, Diet 4x330ml",drink,2.65,120,
One Living Ginger Kombucha with Turmeric 4x250ml,drink,5.25,120,
Oyster Bay Chardonnay White Wine 75cl,drink,8.62,120,
Oyster Bay Sauvignon Blanc White Wine 75cl,drink,12.0,120,
Palastri Pinot Grigio Blush Rose Wine 75cl,drink,4.87,120,
Perfect Ted Matcha 30g,drink,9.95,365,
Peroni Nastro Azzurro 0% Alcohol Free Beer 4 x 330ml,drink,4.75,120,
Peroni Nastro Azzurro 0.0% Alcohol Free Beer 12 x 330ml,drink,13.25,120,
Peroni Nastro Azzurro Beer Lager Bottles 18x330ml,drink,20.0,120,
Peroni Nastro Azzurro Gluten Free Beer Lager Bottles 4x330ml,drink,7.0,120,
Piper Heidsieck Cuvée Brut Champagne 75cl,drink,30.0,365,
Plenish 1L Chilled Dairy Free Organic Barista Oat Drink,drink,1.8,120,
R Whites 4 x 75g Premium Lemonade Ice Lollies,drink,2.0,120,
Robinsons 1L Double Strength Apple & Blackcurrant No Added Sugar Squash,drink,2.5,120,
Robinsons 1L Double Strength Orange No Added Sugar Squash,drink,2.5,120,
Robinsons Apple & Blackcurrant Squash No Added Sugar 1L,drink,2.0,120,
Robinsons Lemon Squash No Added Sugar 1L,drink,2.0,120,
Robinsons Orange Squash No Added Sugar 1L,drink,2.0,120,
Rowntrees Watermelon Ice Lollies 4x73ml,drink,2.5,120,
"Sainsbury's Birthday & Celebration Mini Chocolate Gift Cake, Taste the Difference 255g",drink,6.0,120,
"Sainsbury's Blanc De Noirs Champagne, Taste the Difference 75cl",drink,23.0,365,
Sainsbury's British Semi Skimmed Milk 2.27L (4 pint),drink,1.75,120,
Sainsbury's British Semi Skimmed Milk 3.4L (6 pint),drink,2.4,120,
Sainsbury's Camomile Tea Bags x80 120g,drink,3.5,120,
"Sainsbury's Conegliano Prosecco, Taste the Difference 75cl",drink,7.5,365,
Sainsbury's Cranberry Juice Drink 1L,drink,1.6,120,
Sainsbury's Green Tea x20 Tea Bags 38g,drink,0.9,120,
Sainsbury's Green Tea x80 Tea Bags 152g,drink,2.5,120,
Sainsbury's Infusions Peppermint Tea Bags x20,drink,0.95,120,
Sainsbury's Infusions Peppermint Tea Bags x80,drink,3.5,120,
"Sainsbury's Keralan Style Spiced Coconut Rice, Limited Edition 250g",drink,0.95,120,
Sainsbury's Milk Chocolate Mini Rice Cakes 4x30g,drink,2.15,120,
Sainsbury's Milk Chocolate Rice Cakes 4x35.75g,drink,2.2,120,
Sainsbury's Watermelon 160g,drink,1.15,120,
Sainsbury's Watermelon 300g,drink,2.25,120,
Silver Moki Sauvignon Blush Rose Wine 75cl,drink,8.5,120,
Smarties Milk Chocolate Sweets Tube Multipack x4 38g,drink,1.5,120,
Sprite 8x330ml,drink,4.1,365,
Sprite Zero Sugar 8x330ml,drink,4.1,365,
TRIP 4 x 250ml Elderflower Mint Sparkling Drink,drink,6.6,120,
Tate & Lyle Vanilla Coffee Syrup 250ml,drink,2.8,120,
Tick Tock Earl Grey Rooibos Tea Biodegradable Bags x40 90g,drink,2.25,120,
Tick Tock Organic Green Rooibos Tea 40 Biodegradable Bags 72g,drink,2.25,120,
"Twinings Lemon & Ginger Tea, 80 Tea Bags",drink,5.0,120,
Twix Caramel & Milk Chocolate Fingers Twin Biscuit Snack Bars Multipack 4x40g,drink,2.15,120,
Twix Caramel & Milk Chocolate Fingers Twin Biscuit Snack Bars Multipack 9x40g,drink,2.75,120,
Villa Maria Private Bin Sauvignon Blanc White Wine 75cl,drink,8.75,120,
Vita Coco The Original Coconut Water 1L,drink,4.0,120,
Warburtons Sliced Original Bagels x5,drink,1.9,120,
Whispering Angel Côtes de Provence Rose Wine 75cl,drink,14.62,120,
Yorkie Original Milk Chocolate Bar Multipack x3 46g,drink,2.0,120,
Yorkie Raisin & Biscuit Milk Chocolate Bar Multipack x3 46g,drink,2.0,120,
Yorkshire Tea Bags x240,drink,8.5,120,
trufru Blueberries in White & Dark Chocolate,drink,4.5,120,
BEAR 9 x 20g Fruit Yoyos Raspberry Family Pack,fruit,3.65,6,
BEAR Fruit Splits Strawberry & Apple Multipack 5x20g,fruit,2.85,6,
BEAR Fruit Yoyos Apple Multipack 5x20g,fruit,2.85,6,
BEAR Fruit Yoyos Blackcurrant Multipack 5x20g,fruit,2.85,6,
BEAR Fruit Yoyos Mango Family Pack 9x20g,fruit,4.65,6,
BEAR Fruit Yoyos Mango Multipack 5x20g,fruit,2.85,6,
BEAR Fruit Yoyos Raspberry Multipack 5x20g,fruit,2.85,6,
BEAR Fruit Yoyos Strawberry Multipack 5x20g,fruit,2.85,6,
BEAR Paws Fruit Shapes Apple & Blackcurrant Multipack 5x20g,fruit,2.85,6,
BEAR Paws Fruit Shapes Raspberry & Blueberry Multipack 5x20g,fruit,2.85,6,
BEAR Paws Fruit Shapes Strawberry & Apple Multipack 5x20g,fruit,2.85,6,
BEAR Yoyo Strawberry Grab Bag 12x10g,fruit,3.0,6,
Baylis & Harding Signature Sweet Mandarin & Grapefruit Hand Wash 500ml,fruit,2.55,6,
Del Monte Raspberry & Vanilla Swirl 3x90ml,fruit,2.0,6,
Fanta Orange 18x330ml,fruit,7.0,6,
Fanta Orange 8x330ml,fruit,4.1,6,
Fanta Orange Zero 8x330ml,fruit,4.1,6,
Fever-Tree Mexican Lime Soda 6x150ml,fruit,3.5,6,
Go Ahead 4 x 43.6g Banana Crispy Fruit Slices Multipack Snack Bars,fruit,1.5,6,
Go Ahead 6 x 25g Apple Fruit & Oat Bakes Multipack Snack Bars,fruit,2.0,6,
Go Ahead 6 x 25g Strawberry Fruit & Oat Bakes Multipack Snack Bars,fruit,2.0,6,
Go Ahead Apple Crispy Fruit Slices Snack Bars Multipack 4x43.6g,fruit,1.5,6,
Go Ahead Cherry Crispy Fruit Slices Snack Bars Multipack 4 x 43.6g,fruit,1.5,6,
Go Ahead Forest Fruit Crispy Fruit Slices Multipack Snack Bars 4x44g,fruit,1.5,6,
Go Ahead Raspberry Crispy Fruit Slices Multipack Snack Bars 4x44g,fruit,1.5,6,
"Linwoods Organic Cold Milled Flaxseed, Sunflower, Pumpkin & Chia Seeds & Goji Berries 425g",fruit,6.4,6,
Mionetto Orange Label Prosecco 75cl,fruit,8.5,6,
Nakd Cocoa Orange Fruit & Nut Bars 4x35g,fruit,2.25,6,
Nakd Peanut Delight Fruit & Nut Bars 4 x 35g,fruit,2.25,6,
Odysea Balsamic Glaze with Raspberry 250ml,fruit,3.0,6,
Rowntree's Fruit Pastille Ice Lollies 4x65ml,fruit,2.5,6,
Rowntree's Fruit Stack 4x70ml,fruit,2.5,6,
Sainsbury's 150g Blackberries,fruit,2.7,6,
"Sainsbury's 150g Blueberries, Taste the Difference",fruit,1.8,6,
Sainsbury's 250g Blackberries,fruit,3.75,6,
"Sainsbury's 250g British Raspberries, Taste the Difference",fruit,3.25,6,
Sainsbury's 300g Blueberries,fruit,2.75,6,
Sainsbury's 6 x Pink Lady Apples,fruit,1.99,6,
"Sainsbury's 600g Easy Peelers, Taste the Difference",fruit,1.88,6,
Sainsbury's 600g Mango Fingers,fruit,5.5,6,
Sainsbury's Apricot Punnet 320g,fruit,1.4,6,
Sainsbury's Avocado,fruit,1.3,6,
Sainsbury's Baby Plum Tomatoes 325g,fruit,1.0,6,
Sainsbury's Best Of British Apples x6,fruit,1.25,6,
Sainsbury's Blackberries,fruit,3.3,6,
Sainsbury's Blueberries 500g,fruit,4.55,6,
"Sainsbury's British Strawberries, Taste the Difference 400g",fruit,2.75,6,
Sainsbury's Coconut 80g,fruit,1.15,6,
Sainsbury's Conference Pear Single,fruit,0.5,6,
Sainsbury's Easy Peelers 600g,fruit,1.5,6,
"Sainsbury's Easy Peelers, Taste the Difference 600g",fruit,2.5,6,
Sainsbury's Fairtrade Bananas x5,fruit,0.78,6,
Sainsbury's Family Plum Punnet 1kg,fruit,2.4,6,
Sainsbury's Flat Peach,fruit,1.4,6,
Sainsbury's Granny Smith Apples x6,fruit,1.8,6,
"Sainsbury's Greek Style Lemon Rice, Limited Edition 250g",fruit,0.95,6,
Sainsbury's Kiwi Fruit x6,fruit,1.4,6,
Sainsbury's Large Ripe & Ready Avocado,fruit,0.88,6,
Sainsbury's Lemons,fruit,0.37,6,
Sainsbury's Lychees 200g,fruit,2.0,7,
"Sainsbury's Mango & Passion Fruit Ice Lollies, Taste the Difference 4x73ml",fruit,2.75,6,
Sainsbury's Mango 250g,fruit,2.65,6,
Sainsbury's Mango 450g,fruit,4.25,6,
"Sainsbury's Mango, Pineapple & Passion Fruit 250g",fruit,2.65,6,
Sainsbury's Medium Avocado,fruit,0.69,6,
"Sainsbury's Medjool Dates, Taste the Difference 500g",fruit,5.0,6,
"Sainsbury's Mexican Style Ancho & Lime Rice, Limited Edition 250g",fruit,0.95,6,
Sainsbury's Mixed Grapes 900g,fruit,3.95,6,
"Sainsbury's Peach Melba Flavour Mini Meringues, Taste the Difference",fruit,1.85,6,
Sainsbury's Peach Punnet (Min x4),fruit,1.7,6,
"Sainsbury's Pineapple, Coconut & Lime Lollies, Taste the Difference x4",fruit,2.25,6,
Sainsbury's Pink Lady Apples x6,fruit,2.9,6,
"Sainsbury's Pink Lady Apples, SO Organic x6",fruit,3.75,6,
Sainsbury's Plum Punnet 400g,fruit,1.5,6,
"Sainsbury's Raspberries, Taste the Difference 150g",fruit,2.95,6,
Sainsbury's Red & White Seedless Grapes 500g,fruit,2.2,6,
Sainsbury's Ripe & Ready Kiwi x4,fruit,1.6,6,
Sainsbury's Royal Gala Apples x6,fruit,1.8,6,
Sainsbury's Sharon Fruit,fruit,1.6,6,
Sainsbury's Strawberries 250g,fruit,2.1,6,
"Sainsbury's Strawberries, Taste the Difference 250g",fruit,2.75,6,
Sainsbury's White Seedless Grapes 500g,fruit,2.0,6,
San Pellegrino Orange 4 x 330ml,fruit,3.5,6,
Soreen Apple Lunchbox Loaf Bars x5,fruit,1.8,6,
Soreen Banana Lunchbox Loaf Bars x5,fruit,1.8,6,
Soreen Lift Bars Blueberry x4,fruit,2.25,6,
Soreen Lift Bars Raspberry & Vanilla x4,fruit,1.25,6,
Soreen Strawberry Lunchbox Loaf Bars x5,fruit,1.8,6,
Tajin 142g Clasico Chilli & Lime Seasoning,fruit,2.5,6,
Tilda Microwave Rice Coconut Chilli & Lemongrass Basmati 250g,fruit,1.25,6,
Tilda Microwave Rice Sweet Chilli Lime Basmati 250g,fruit,1.25,6,
"Twister 4 x 70ml Frrreeze Peach, Orange & Raspberry Apple Ice Lollies",fruit,2.0,6,
Merchant Gourmet 220g Italian Style Supergrain Bowl,grains,1.75,180,
Merchant Gourmet Fiery Jamaican Style Grains & Pulses 250g,grains,1.5,180,
Merchant Gourmet Mexican Inspired Grains 250g,grains,2.15,180,
Merchant Gourmet Microwave Ready to eat Beluga Lentils 250g,grains,1.5,180,
Merchant Gourmet Puy Lentils & French Green Lentils Simply Cooked 250g,grains,1.5,180,
Merchant Gourmet Thai Green Lentil Curry 280g,grains,2.5,180,
Merchant Gourmet Zingy Korean Style Grains 250g,grains,2.15,180,
Squeaky Bean Chargrilled Cajun Mini Fillets 120g,grains,3.4,180,
"Sainsbury's Cremant dAlsace, Taste the Difference 75cl",other,10.0,30,
Alpro Plain Natural Soya Plant Based Yoghurt Alternative 500g,plant_based,2.5,6,
La Vie Plant Based Ham Smoked 100g,plant_based,3.0,6,
Little Moons Vegan Passionfruit & Mango Mochi Ice Cream Frozen Snack 6 x 32g,plant_based,5.0,6,
Quorn Vegan Chicken Free Slices 100g,plant_based,2.7,6,
Quorn Vegetarian Sausage Rolls x3 210g,plant_based,3.3,6,
This Isn't 70g Pork Salami Slices,plant_based,2.95,6,
This Isn't Chicken Deli Pieces 120g,plant_based,3.3,6,
This Isn't Chicken Thighs 220g,plant_based,3.95,6,
Bastides Salaisons Saucisson Sec 250g,protein,5.5,21,
Cauldron Falafels 200g,protein,2.6,4,
Charlie Bigham's 350g Singapore King Prawn Laksa,protein,6.95,4,
"Eat Real Kids Veggie Straws with Tomato, Kale & Spinach 5 x 16g",protein,1.75,4,
Goatsbridge Eat Trout Hot Smoked Trout Fillets x2 170g (Ready to Eat),protein,5.5,5,
Goikoa Chorizo De Navarra 200g,protein,4.25,4,
Goikoa Crunchy Slices of Serrano Ham 20g,protein,2.0,4,
Higgidy Beechwood Smoked Ham Hock & Mature Cheddar Sausage Rolls 160g,protein,2.2,4,
McCoy's Thai Sweet Chicken Multipack Crisps 6 Pack,protein,1.75,4,
Minerva Skinless & Boneless Salmon in Brine 120g,protein,3.5,4,
Minerva Tuna Fillets in Olive Oil 120g,protein,3.5,4,
Minerva Tuna Steak in Olive Oil 160g,protein,2.6,4,
Minerva Tuna Steak in Spring Water 160g,protein,2.1,4,
Myprotein Chilli Chipotle Beef with Rice 325g,protein,3.5,4,
Najma Sliced Turkey Breast 150g,protein,2.95,4,
Naked Noodle Thai Sweet Chilli Egg Noodles 78g,protein,1.25,4,
Nissin Soba Peking Duck Wok Style Instant Cup Noodles Pot 87g,protein,1.5,4,
Nissin Soba Sukiyaki Beef Wok Style Instant Cup Noodles Pot 89g,protein,1.5,4,
Nissin Soba Yakitori Chicken Wok Style Instant Cup Noodles Pot 89g,protein,1.5,4,
Nissin Yakitori Chicken Big Wok Style Soba Cup Noodles 113g,protein,2.45,4,
Ortiz Bonito Tuna In Olive Oil 158g,protein,6.0,4,
Ortiz El Velero Yellow Fin Tuna in Olive Oil 112g,protein,4.0,4,
Roysters T Bone Steak Multipack Crisps x6,protein,1.55,4,
Sainsbury's (Approx. 215g) Ready to Eat Honey Hot Smoked Mackerel,protein,4.52,4,
"Sainsbury's 135g Chilli, Coriander & Lime King Prawns, Taste the Difference",protein,2.67,4,
"Sainsbury's 135g Pil Pil King Prawns, Taste the Difference",protein,2.77,4,
"Sainsbury's 18* Roast Chicken Cocktail Sausages, Taste the Difference 198g",protein,2.67,4,
"Sainsbury's 270g 'Nduja & Parmesan Sausage Rolls, Taste the Difference",protein,2.67,4,
Sainsbury's 80g Honey Roast Scottish Salmon Flakes,protein,3.75,4,
Sainsbury's 90g Free Range Egg Pot,protein,1.4,4,
"Sainsbury's ASC Scottish Cherry Wood Smoked Salmon, Taste the Difference 100g (Ready To Eat)",protein,3.95,4,
"Sainsbury's ASC Scottish Hickory Wood Smoked Salmon, Taste the Difference 100g (Ready To Eat)",protein,3.95,4,
Sainsbury's ASC Scottish Mild Smoked Salmon 100g (Ready to Eat),protein,3.95,4,
"Sainsbury's ASC Scottish Smoked Salmon, So Organic 100g (Ready to Eat)",protein,5.95,4,
"Sainsbury's Albacore Tuna Steak In Extra Virgin Olive Oil, Taste the Difference 160g",protein,2.85,4,
"Sainsbury's Albacore Tuna Steak In Spring Water, Taste the Difference 160g",protein,2.55,4,
"Sainsbury's Albacore Tuna in Extra Virgin Olive Oil, Taste the Difference 220g",protein,4.0,4,
Sainsbury's Cajun British Chicken Grills Ready to Eat 180g,protein,3.25,4,
Sainsbury's Chargrilled Cooked British Chicken Breast Mini Fillets 170g,protein,3.25,4,
Sainsbury's Chicken & Bacon Caesar Wrap,protein,3.4,4,
"Sainsbury's Chicken Kyiv Bake, Taste the Difference 400g (Serves 1)",protein,4.0,4,
"Sainsbury's Chicken Meatballs & Orzo, Taste the Difference 385g",protein,4.85,4,
Sainsbury's Chilli & Coriander King Prawns ASC 150g,protein,3.95,4,
"Sainsbury's Coldwater MSC Prawn Cocktail, Taste the Difference 170g",protein,3.75,4,
Sainsbury's Cooked Roast British Chicken Breast Fillets x2 240g,protein,3.0,4,
Sainsbury's Firecracker British Chicken Breast Slices 180g,protein,2.5,4,
Sainsbury's German Salami & Cheese,protein,2.4,4,
Sainsbury's High Protein Buffalo Chicken Wrap,protein,3.4,4,
Sainsbury's Italian Prosciutto Cotto Slices with Herbs x4 100g,protein,2.0,4,
Sainsbury's King Prawns ASC in Garlic & Parsley ASC 150g,protein,3.5,4,
Sainsbury's Lemon & Herb Steamed ASC Scottish Salmon Portions x2 180g (Ready to eat),protein,4.95,4,
Sainsbury's Lime & Chilli Cooked British Chicken Mini Fillets 170g (ready to eat),protein,3.25,4,
"Sainsbury's Mango, Coconut & Chilli Chicken Breast Sizzlers 315g",protein,4.5,4,
"Sainsbury's Marinated Anchovies, Taste the Difference 145g",protein,2.98,4,
"Sainsbury's Mortadella Slow Cooked, Taste the Difference 130g",protein,2.75,7,
"Sainsbury's Prosciutto Di Speck, Taste the Difference 80g",protein,2.73,4,
Sainsbury's Roast Boneless Cooked British Chicken Breast x4 480g,protein,6.75,4,
Sainsbury's Roast British Chicken Breast sliced 360g (Ready to Eat),protein,3.75,4,
Sainsbury's Roast British Cooked Chicken Thighs 450g,protein,3.0,4,
"Sainsbury's Steak Casserole & Dumplings, Taste the Difference (Serves 1) 400g",protein,4.85,4,
Sainsbury's Sweet & Smokey BBQ Sliced British Chicken Breast 180g,protein,2.5,4,
Sainsbury's Sweet Chilli ASC Scottish Salmon Portions x2 180g (Ready to eat),protein,5.95,4,
Sainsbury's Taste the Difference Salami Emiliano & Provolone Cheese 110g,protein,2.73,4,
Sainsbury's Tikka Cooked British Chicken Mini Fillets 170g (ready to eat),protein,3.25,4,
Sainsbury's Tuna Steak in Brine 3x120g,protein,3.9,4,
Skips Prawn Cocktail 6x13.1g,protein,1.6,4,
Squeaky Bean Ready to Eat Chicken Style Pieces Sweet Smokey BBQ 130g,protein,2.1,4,
"Stamford Street Co. Ready to Cook ASC Salmon Fillet Infusions Ginger, Chilli & Lime 220g",protein,3.79,4,
The Gym Kitchen Salt & Pepper Chicken 400g,protein,3.25,4,
Tilda Microwave Rice Egg Fried 250g,protein,1.0,4,
Walkers Monster Munch Roast Beef Multipack Crisps Snacks 6x20g,protein,1.5,4,
Wasabi Home Bento Chicken Teriyaki with Yakisoba Noodles 430g,protein,4.0,4,
Wasabi Home Bento Spicy Korean Chicken Pops 150g,protein,3.0,4,
Wasabi Home Bento Spicy Korean Chicken with Fried Rice 400g,protein,4.0,4,
Wasabi Korean Black Bean Chicken with Rice 450g,protein,4.0,4,
Kohinoor Dal Palak 300g,ready_meal,2.0,180,
Kohinoor Dal Tarka 300g,ready_meal,2.0,180,
Kohinoor Peshwari Dal Makhani 300g,ready_meal,2.0,180,
Merchant Gourmet 220g Burrito Supergrain Bowl,ready_meal,2.5,4,
Merchant Gourmet Lentil & Chickpea Tagine 280g,ready_meal,2.5,4,
Merchant Gourmet Rich Black Dhal with Black Lentils & Coconut Cream 250g,ready_meal,2.15,4,
Myprotein Japanese Style Chicken Curry with Rice 325g,ready_meal,3.5,4,
Naked Rice Long Grain Rice Japanese Katsu Curry 78g,ready_meal,1.25,4,
Nissin Cup Noodles 5 Spices Beef Flavour Instant Ramen Style Pot 64g,ready_meal,1.75,4,
Nissin Cup Noodles Chicken Teriyaki Instant Ramen Style Pot 70g,ready_meal,1.25,4,
Nissin Soba Pad Thai Instant Wok Style Noodles Pot 89g,ready_meal,2.0,4,
Nongshim Shin Cup Noodle Soup 75g,ready_meal,1.25,4,
Plant Pioneers Vegan Tikka Masala & Pilau Rice Ready Meal for 1 400g,ready_meal,3.6,4,
Sainsbury's 400g High Protein Bolognese,ready_meal,3.75,4,
"Sainsbury's Beef Bolognese with Tagliatelle Ready Meal For 1, Taste the Difference 400g",ready_meal,4.0,4,
Sainsbury's Beef Lasagne Ready Meal For 2 750g,ready_meal,4.5,4,
"Sainsbury's Chicken & King Prawn Paella, Taste the Difference 400g (Serves 1)",ready_meal,4.85,4,
Sainsbury's Indian Aloo Saag Ready Meal Side For 2 300g,ready_meal,2.6,4,
Sainsbury's Indian Bombay Potato Ready Meal Side For 2 300g,ready_meal,2.6,4,
Sainsbury's Indian Chicken Madras with Pilau Rice Ready Meal for 1 400g,ready_meal,3.75,4,
Sainsbury's Indian Chicken Tikka Biryani with Basmati Rice Ready Meal for 1 400g,ready_meal,3.75,4,
Sainsbury's Indian Chicken Tikka Masala with Pilau Rice Ready Meal for 1 400g,ready_meal,3.75,4,
Sainsbury's Indian Saag Paneer Ready Meal Side For 2 300g,ready_meal,2.6,4,
Sainsbury's Indian Vegetable Biryani with Basmati Rice Ready Meal for 1 400g,ready_meal,3.75,4,
"Sainsbury's Lemon & Thyme Chicken Risotto, Taste the Difference 385g",ready_meal,4.0,4,
"Sainsbury's Meal for 1 Paneer Tikka Masala with Cumin Rice, Limited Edition 400g",ready_meal,3.75,4,
"Sainsbury's Pancetta & Three Cheese Carbonara Ready Meal For 1, Taste the Difference 375g",ready_meal,4.85,4,
Staropramen 10 x 440ml,ready_meal,10.18,4,
The Gym Kitchen Chicken Tikka Ready Meal for 1 400g,ready_meal,3.25,4,
Tideford Organics Indian Lentil & Spinach Dhal 560g,ready_meal,2.5,4,
Wasabi 400g Chilli & Garlic Szechuan Chicken with Rice Ready Meal,ready_meal,5.0,4,
Wasabi Chicken Katsu Yakisoba 450g,ready_meal,4.0,4,
Wasabi Pumpkin Katsu Curry with Rice 450g,ready_meal,4.0,4,
itsu Big Chick N Ramen Instant Noodles & Broth Pot 93g,ready_meal,2.65,4,
itsu Big Chilli Miso Instant Noodles & Broth Pot 98g,ready_meal,2.15,4,
itsu Chick-n Ramen Rice Noodle Pot 64g,ready_meal,1.5,4,
itsu Chicken & Spring Onion 8 Gyoza Dumplings 150g,ready_meal,4.0,4,
itsu Satay Rice Noodle Pot 64g,ready_meal,2.0,4,
itsu Spicy Ramen Rice Noodles 64g,ready_meal,1.5,4,
Florette 165g Asian Style Salad,salad,1.5,4,
Florette Mixed 125g,salad,0.85,4,
Sainsbury's 175g Beetroot & Feta Salad,salad,2.75,4,
"Sainsbury's 200g Caesar Pasta Salad, Taste the Difference",salad,2.96,4,
"Sainsbury's 200g Greek Feta Pasta Salad, Taste the Difference",salad,2.67,4,
"Sainsbury's 220g Greek Inspired Whipped Feta Salad, Taste the Difference",salad,2.67,4,
"Sainsbury's 400g Giant Cous Cous & Feta Salad, Taste the Difference",salad,4.0,4,
Sainsbury's Baby Leaf Salad 90g,salad,1.0,4,
Sainsbury's Baby Leaf Spinach 120g,salad,1.0,4,
Sainsbury's Beetroot Salad 300g,salad,1.9,4,
Sainsbury's Butterhead Salad 90g,salad,1.0,4,
Sainsbury's Caesar Salad 265g,salad,2.0,4,
"Sainsbury's Charlotte Potato Salad, Taste the Difference 300g",salad,2.5,4,
"Sainsbury's Coleslaw, Taste the Difference 180g",salad,1.5,4,
Sainsbury's Iceberg Lettuce 200g,salad,0.64,4,
Sainsbury's Little Gem Lettuce,salad,0.65,4,
Sainsbury's Mixed Leaf Salad 180g,salad,1.8,4,
Sainsbury's Mixed Leaf Salad 90g,salad,0.9,4,
"Sainsbury's Orzo & Sunblush Tomato Salad, Limited Edition, Taste the Difference 220g",salad,3.25,4,
Sainsbury's Spinach Watercress & Rocket 100g,salad,1.35,4,
"Sainsbury's Tabbouleh with Herb Roasted Garlic & Lemon Dressing, Taste the Difference 200g",salad,2.67,4,
Sainsbury's Taste the Difference Caesar Pasta Salad 200g,salad,2.96,4,
Sainsbury's Wild Rocket 120g,salad,1.3,4,
Unbeleafable Mixed Baby Leaves 80g,salad,1.75,4,
Sainsbury's Caesar Salad Bowl 180g,salad_kit,2.75,4,
Ben & Jerry's 4 x 68ml Cookie Dough Ice Cream Sandwich,sandwich,5.2,2,
Lotus 320ml Biscoff Ice Cream Sandwiches,sandwich,3.5,2,
Oreo Ice Cream Sandwiches 280g,sandwich,4.0,2,
Oreo Mini Ice Cream Sandwich 6 x 55ml,sandwich,2.5,2,
Sainsbury's Beef & Horseradish with Rocket on White Bread Sandwich,sandwich,3.5,2,
"Sainsbury's Chicken Parmesan Wrap, Limited Edition",sandwich,3.4,2,
"Sainsbury's Ham Hock & Mature Cheddar Sandwich, Taste the Difference",sandwich,4.5,2,
Sainsbury's High Protein Chicken Salad Sandwich,sandwich,3.15,2,
Sainsbury's Smoked Salmon & Cream Cheese on Oatmeal Bread Sandwich,sandwich,3.5,2,
"Sainsbury's Steak & Caramelised Red Onion with Gravy Mayo on Onion Bread Sandwich, Taste the Difference",sandwich,4.5,2,
Fudco Deluxe Nuts & Raisins Mix 500g,snack,6.0,120,
Fudco Sunflower & Pumpkin Seed Mix 250g,snack,2.4,180,
McCoy's Classic Variety Pack Crisps 6x25g,snack,1.75,120,
Merchant Gourmet Whole Chestnuts 180g,snack,2.55,120,
Nakd Cocoa Hazelnut Protein Bars 3x45g,snack,2.25,120,
Nik Naks Nice N Spicy Crisps 6 x 20g,snack,1.75,120,
Nik Naks Rib N Saucy Multipack Crisps x6,snack,1.75,120,
Pom-Bear Original Multipack Crisps 6x13g,snack,1.5,120,
Popchips 5 x 17g Barbeque Multipack Crisps,snack,2.25,120,
Ritter Sport Roasted Peanut Nut Selection 100g,snack,2.3,120,
Sainsbury's Mini Snack Raisins 12x14g,snack,1.25,120,
"Sainsbury's Mixed Nuts, SO Organic 300g",snack,5.5,120,
"Sainsbury's Walnuts, Pieces 200g",snack,2.8,120,
Soreen Malt Lunchbox Loaf Bars x5,snack,1.8,30,
Soreen Malt Lunchbox Loaves Snack Bars Family Pack 10 x 30g,snack,2.5,120,
Walkers 6 x 25g Sticky Teriyaki Flavour Multipack Sharing Crisps,snack,2.2,120,
Walkers Classic Variety Multipack Crisps 20x25g,snack,4.25,120,
Walkers Max 6 x 27g Punchy Paprika Multipack Crisps,snack,1.5,120,
Walkers Wotsits Really Cheesy Multipack Crisps Snacks 12x16.5g,snack,2.99,120,
Crave 215g Choccy Dodoughs Doughnuts,sweet,2.75,120,
Fibre One 90 Calorie Birthday Cake Bar Snack 4x24g,sweet,2.25,120,
Fiona Cairns 4 X Golden Sponge Confetti Cupcakes,sweet,4.0,5,
Galaxy Ripple Bars 4 x 30g,sweet,2.15,180,
Haagen-Dazs Favourites Collection Ice Cream Minicups 4X95Ml,sweet,4.0,180,
Halva Gift Box 300g,sweet,5.0,90,
Haribo Share the Happy Mini Bag Multipack Sweets 352g,sweet,3.0,120,
Haribo Starmix Mini Bag Multipack Sweets 22x16g,sweet,3.0,120,
Kedem Animal Shaped Cookies 340g,sweet,2.7,120,
LU Le Petit Biscotte Crunchy Cinnamon Brown Sugar Biscuits 200g,sweet,1.25,120,
Maoam Joystixx Chewy Sweets Bag 140g,sweet,1.25,120,
McVitie's Penguin Original Biscuit Bar Multipack 7 x 24.6g,sweet,2.0,120,
Monty Bojangles Truffle Selection 135g,sweet,4.5,90,
Sainsbury's Birthday & Celebration Wiggles the Caterpillar Cake 613g,sweet,9.5,120,
Sainsbury's Cupcakes x12 516g,sweet,8.0,120,
Sainsbury's Free From Bourbon Creams 150g,sweet,1.5,90,
Sainsbury's Free From Flapjack Slices x4,sweet,1.6,120,
Sainsbury's Home Pack of 6 Balloon Shaped Cupcake Toppers,sweet,1.0,120,
"Sainsbury's Red Velvet Cake, Taste the Difference 390g",sweet,3.95,120,
Toffee Crisp Biscuit Bar Multipack x4 152g,sweet,2.0,120,
Toffee Crisp Biscuit Bar Multipack x7 130.9g,sweet,1.0,120,
Baxters Crinkled Beetroot 567g (335g*),veg,2.65,6,
Belazu Basil Pesto 135g,veg,3.0,6,
Blue Dragon 160g Garlic Crunch Topper,veg,3.25,6,
Doritos Chilli Heatwave Tortilla Chips Multipack Crisps 5x30g,veg,1.5,6,
Dr Pepper 8x330ml,veg,4.5,6,
Eazypop Microwave Popcorn Salted 85g,veg,0.9,6,
Fever-Tree Refreshingly Light Ginger Ale 500ml,veg,2.45,6,
Fever-Tree Refreshingly Light Ginger Ale 8x150ml,veg,4.5,6,
Fudco Crispy Fried Onions 200g,veg,2.0,6,
Hula Hoops Variety Pack Potato Ring Crisps 6x24g,veg,2.35,6,
Jamie Oliver Mighty Mushroom Grains 250g,veg,2.0,6,
Karyatis Roasted Red Peppers 450g (350g*),veg,2.95,6,
Karyatis Sun Dried Tomatoes 280g,veg,3.6,6,
LEON Garlic Aioli 240ml,veg,1.8,6,
La Famiglia Rana Genovese Basil P.D.O. Pesto 140g,veg,1.75,6,
Laoganma Crispy Chilli in Oil 210g,veg,2.4,6,
"Merchant Gourmet 250g Turkish Style Bulgur & Rice with Chickpeas, Red Pepper & Tomato",veg,2.15,6,
Merchant Gourmet Moreish Mediterranean Style Grains With Tomato & Olive 250g,veg,2.15,6,
Merchant Gourmet Tomatoey French Puy & Green Lentils 250g,veg,2.15,6,
Nissin Soba Chilli Instant Wok Style Noodles Big Pot 115g,veg,2.45,6,
Nissin Soba Chilli Wok Style Instant Cup Noodles Pot 92g,veg,1.5,6,
Nissin Soba Protein Chilli Instant Wok Style Noodles Pot 93g,veg,2.3,6,
Odysea Aubergine Meze 220g,veg,2.75,6,
Propercorn Microwavable Salted Popcorn 3x70g,veg,1.75,6,
Sacla Basil Pesto 190g,veg,2.5,6,
Sainsbury's 240g British Prepared Mini Carrots,veg,1.0,6,
"Sainsbury's 250g Vittoria Cherry Vine Tomatoes, Taste the Difference",veg,2.35,6,
"Sainsbury's 300g Majestic Vine Tomatoes, Taste the Difference",veg,1.7,6,
Sainsbury's Baby Cucumbers 200g,veg,1.1,6,
"Sainsbury's Baby Sweet Peppers, Taste the Difference 270g",veg,2.05,6,
"Sainsbury's British Golden Vittoria Cherry Vine Tomatoes, Taste the Difference",veg,1.75,6,
Sainsbury's Calorie Counted Mediterranean Vegetable Style Pasta 380g,veg,3.75,6,
Sainsbury's Carrot Batons 400g,veg,1.1,6,
Sainsbury's Cherry Tomatoes 300g,veg,1.0,6,
"Sainsbury's Creamed Spinach, Taste the Difference 250g",veg,3.3,5,
"Sainsbury's Fine Beans, Petits Pois, Cavolo Nero & Leeks, Taste the Difference 220g",veg,3.3,6,
Sainsbury's Garlic Stuffed Halkidiki Olives 160g,veg,2.5,6,
Sainsbury's Pickled Red Cabbage in Vinegar 680g (300g*),veg,1.75,6,
"Sainsbury's Roasted Garlic Aioli, Limited Edition, Taste the Difference 170g",veg,2.66,6,
Sainsbury's Roasted Vegetable Couscous 200g,veg,1.6,6,
Sainsbury's Small Whole Cucumber,veg,0.7,6,
Sainsbury's Summer 12 x Mini Soft Corn Tortilla Taco Shells 300g,veg,1.4,6,
"Sainsbury's Sunsoaked Tomatoes, Taste the Difference 230g",veg,2.72,6,
"Sainsbury's Vegetable Crisps, Taste the Difference 100g",veg,1.5,6,
"Sainsbury's Vittoria Cherry Vine Tomatoes, Taste the Difference",veg,1.75,6,
"Sainsbury's Vittoria Cherry Vine Tomatoes, Taste the Difference 400g",veg,2.8,6,
Sainsbury's Whole Cucumber,veg,0.99,6,
Sun Bites 6 x 25g Ripened Sweet Chilli Multipack Snacks Crisps,veg,1.5,6,
Tilda Garlic & Herbs Rice 250g,veg,1.25,6,
Tilda Soy & Ginger Sticky Rice 250g,veg,1.25,6,
Walkers Sensations Thai Sweet Chilli Multipack Crisps 5x25g,veg,1.5,6,
